model,f1_macro,accuracy,train_time_sec
XGBoost,0.9881553333817382,0.9956161714564052,22.774372816085815
RandomForest,0.9676684067508018,0.9922065270336093,0.6113011837005615
SVM,0.9699859295000994,0.9902581587920117,8.079830169677734
KNN,0.8319038172773765,0.9313200194836824,0.019137859344482422
NeuralNet_MLP,0.9505663568018716,0.9873356064296152,3.602726936340332
LightGBM,0.22144633193503233,0.31563565513882125,2.638478994369507
